{
  "Accurate_Retrieval": {
    "bm25": [
      0.9,
      0.6969999999999998,
      1.0,
      1.0,
      1.0
    ],
    "cosine": [
      0.6826666666666668,
      0.6259999999999999,
      1.0,
      1.0,
      1.0
    ],
    "recall": [
      0.6826666666666668,
      0.627,
      0.7386925574425574,
      0.7895007215007217,
      0.8091268731268733
    ]
  },
  "Conflict_Resolution": {
    "bm25": [
      1.0,
      1.0,
      1.0,
      1.0,
      1.0
    ],
    "cosine": [
      1.0,
      1.0,
      1.0,
      1.0,
      1.0
    ],
    "recall": [
      0.7083333333333335,
      0.3883333333333333,
      0.41166666666666674,
      0.3483333333333333,
      0.7983333333333333
    ]
  }
}